歌番号,歌人,歌,一般的な解釈,令和おだやかポジティブ解釈,令和情熱ポジティブ解釈
1,天智天皇,秋の田の かりほの庵の 苫をあらみ わが衣手は 露にぬれつつ,"秋の田の仮の庵の苫が粗いので、私の袖は露に濡れたままでいるよ。,後撰集 秋中 302,あきの,秋の田んぼの仮小屋で番をしていると、屋根の目が粗いので、すがすがしい夜露が私の袖を気持ちよく濡らしていくよ。","秋の田の仮の庵の苫が粗いので、私の袖は露に濡れたままでいるよ。,後撰集 秋中 302,あきの,秋の田んぼの仮小屋で番をしていると、屋根の目が粗いので、すがすがしい夜露が私の袖を気持ちよく濡らしていくよ。",実り豊かな秋の田んぼでキャンプ！自然と一体になって過ごすワイルドな夜を楽しんでいる。
2,持統天皇,春過ぎて 夏来にけらし 白妙の 衣ほすてふ 天の香具山,"春が過ぎて、いよいよ夏がやって来たようだ。夏になると白い衣を干すという伝説の天の香具山に、真っ白な衣がはためいているのが見え、季節の訪れを感じるよ。,新古今集 夏 175,はるす,春が過ぎて、いよいよ夏がやって来たようだ。夏になると白い衣を干すという伝説の天の香具山に、真っ白な衣がはためいているのが見え、季節の訪れを感じるよ。","春が過ぎて、いよいよ夏がやって来たようだ。夏になると白い衣を干すという伝説の天の香具山に、真っ白な衣がはためいているのが見え、季節の訪れを感じるよ。,新古今集 夏 175,はるす,春が過ぎて、いよいよ夏がやって来たようだ。夏になると白い衣を干すという伝説の天の香具山に、真っ白な衣がはためいているのが見え、季節の訪れを感じるよ。",待ちに待った夏が来た！緑の山に真っ白な衣が映えるコントラストは最高に爽やかだ。
3,柿本人麻呂,あしびきの 山鳥の尾の しだり尾の ながながし夜を ひとりかも寝む,"山鳥の尾の、あの垂れさがった尾のような長い長い夜をひとりで寝るのであろうかなあ。,拾遺集 恋三 778,あし,山鳥の長く美しい尾のように、今日の夜はとても長いけれど、静かな一人の時間を心ゆくまで楽しもう。","山鳥の尾の、あの垂れさがった尾のような長い長い夜をひとりで寝るのであろうかなあ。,拾遺集 恋三 778,あし,山鳥の長く美しい尾のように、今日の夜はとても長いけれど、静かな一人の時間を心ゆくまで楽しもう。",誰にも邪魔されないとてつもなく長い夜の自由時間。この贅沢な時間を心ゆくまで楽しもう。
4,山部赤人,田子の浦に うち出でて見れば 白妙の 富士の高嶺に 雪は降りつつ,"田子の浦に出てながめて見ると、真っ白な富士の高嶺に雪が降り続いているよ。,新古今集 冬 675,たご,田子の浦の浜辺に出てあたりを見渡すと、雄大な富士山の気高い峰に、真っ白な雪がはらはらと舞い降りていて、なんて美しいのだろう。","田子の浦に出てながめて見ると、真っ白な富士の高嶺に雪が降り続いているよ。,新古今集 冬 675,たご,田子の浦の浜辺に出てあたりを見渡すと、雄大な富士山の気高い峰に、真っ白な雪がはらはらと舞い降りていて、なんて美しいのだろう。",海辺に出たら雪化粧した富士山が見えた。あまりの絶景と雄大さに心が洗われるようだ！
5,猿丸大夫,奥山に 紅葉踏み分け 鳴く鹿の 声聞く時ぞ 秋は悲しき,"奥山に紅葉を踏み分けやって来て、鹿の声を聞く時こそ秋は悲しいものだ。,古今集 秋上 215,おく,奥深い山で美しい紅葉を踏み分けながら進んでいると、愛しい相手を呼ぶ鹿の鳴き声が聞こえてきて、秋の訪れを実感し、しみじみとした気持ちになるよ。","奥山に紅葉を踏み分けやって来て、鹿の声を聞く時こそ秋は悲しいものだ。,古今集 秋上 215,おく,奥深い山で美しい紅葉を踏み分けながら進んでいると、愛しい相手を呼ぶ鹿の鳴き声が聞こえてきて、秋の訪れを実感し、しみじみとした気持ちになるよ。",紅葉を踏みしめながらハイキング。鹿の声が響く大自然のサラウンド音響を満喫している。
6,中納言家持,かささぎの 渡せる橋に 置く霜の 白きを見れば 夜ぞ更けにける,"鵲が天の川にかけ渡した橋に置いた霜の白いさまを見たら、夜がすっかり更けたことだよ。,新古今集 冬 620,かさ,鵲が天の川に架けたという伝説の橋のように、庭に降りた真っ白な霜を見ていると、夜が静かに更けていくのを感じるよ。","鵲が天の川にかけ渡した橋に置いた霜の白いさまを見たら、夜がすっかり更けたことだよ。,新古今集 冬 620,かさ,鵲が天の川に架けたという伝説の橋のように、庭に降りた真っ白な霜を見ていると、夜が静かに更けていくのを感じるよ。",満天の星空を見上げていたら霜が降りるほど夜が更けていた。時間を忘れるほど美しい冬の天体観測。
7,安倍仲麻呂,天の原 ふりさけ見れば 春日なる 三笠の山に 出でし月かも,"大空を振り仰いでみたら、春日の三笠の山に出たのと同じ月だよなあ。,古今集 羇旅 406,あまの,故郷を離れ、はるか異国の空を振り仰いで月を見れば、あの春日の三笠の山の上に出ていたのと同じ、懐かしい月が輝いているよ。","大空を振り仰いでみたら、春日の三笠の山に出たのと同じ月だよなあ。,古今集 羇旅 406,あまの,故郷を離れ、はるか異国の空を振り仰いで月を見れば、あの春日の三笠の山の上に出ていたのと同じ、懐かしい月が輝いているよ。",広い空を見上げれば世界中どこにいても同じ月が見える。遠く離れていても私たちは繋がっているんだ。
8,喜撰法師,わが庵は 都のたつみ しかぞ住む 世をうぢ山と 人はいふなり,"わが庵は都の辰巳、ほら、きちんと住んでいるよ。それを、世を憂いた宇治山だと人は言っているようだ。,古今集 雑下 983,わがい,私の庵は都の東南にあって、とても静かに暮らしているよ。世間ではここを「憂き世を離れた宇治山」と風流に呼んでくれているようだ。","わが庵は都の辰巳、ほら、きちんと住んでいるよ。それを、世を憂いた宇治山だと人は言っているようだ。,古今集 雑下 983,わがい,私の庵は都の東南にあって、とても静かに暮らしているよ。世間ではここを「憂き世を離れた宇治山」と風流に呼んでくれているようだ。",都から少し離れた場所でのスローライフは最高だ。この平穏な暮らしの良さは私だけの秘密だ。
9,小野小町,花の色は 移りにけりな いたづらに わが身世にふる ながめせしまに,"花の色は褪せてしまったなあ。何もせず我が身が春の長雨に降り込められ物思いにふけっていた間に。（私の容姿も衰えてしまったなあ。むなしく我が身が恋を重ねて過ごし物思いにふけっていた間に）,古今集 春下 113,はなの,桜の花の色は、物思いにふけっている間にすっかり移ろってしまったけれど、その儚さもまた美しいものだね。","花の色は褪せてしまったなあ。何もせず我が身が春の長雨に降り込められ物思いにふけっていた間に。（私の容姿も衰えてしまったなあ。むなしく我が身が恋を重ねて過ごし物思いにふけっていた間に）,古今集 春下 113,はなの,桜の花の色は、物思いにふけっている間にすっかり移ろってしまったけれど、その儚さもまた美しいものだね。",花の色が変わるように私も大人へと成熟した。雨を眺める静かな時間も人生に深みを与えてくれる。
10,蝉丸,これやこの 行くも帰るも 別れては 知るも知らぬも 逢坂の関,"これがまあ、行く人も帰る人もここで別れて、知る人も知らぬ人もここで逢うという、逢坂の関であったのか。,後撰集 雑一 1089,これ,これが、有名な逢坂の関なのだなあ。ここから旅立つ人も、故郷へ帰る人も、知り合いも、見知らぬ人も、皆ここで出会いと別れを経験する、人生の交差点なのだ。","これがまあ、行く人も帰る人もここで別れて、知る人も知らぬ人もここで逢うという、逢坂の関であったのか。,後撰集 雑一 1089,これ,これが、有名な逢坂の関なのだなあ。ここから旅立つ人も、故郷へ帰る人も、知り合いも、見知らぬ人も、皆ここで出会いと別れを経験する、人生の交差点なのだ。",ここが噂のジャンクション！知ってる人も知らない人も行き交うこの場所は新しい出会いと活気に満ちている。
11,参議篁,わたの原 八十島かけて 漕ぎ出でぬと 人には告げよ 海人の釣舟,"「広い海原のたくさんの島々を目ざして漕ぎ出した」と都の人には伝えておくれ、海人の釣舟よ。,古今集 羇旅 407,わたのはらや,「私はこれから、広い海原に浮かぶたくさんの島々を目指して、壮大な冒険に漕ぎ出したのだ」と、都にいる人々に伝えておくれ、漁師の釣舟よ。","「広い海原のたくさんの島々を目ざして漕ぎ出した」と都の人には伝えておくれ、海人の釣舟よ。,古今集 羇旅 407,わたのはらや,「私はこれから、広い海原に浮かぶたくさんの島々を目指して、壮大な冒険に漕ぎ出したのだ」と、都にいる人々に伝えておくれ、漁師の釣舟よ。",さあ多くの島々を目指して大海原への大冒険に出発だ！私の勇ましい旅立ちをみんなに自慢してくれ。
12,僧正遍昭,天つ風 雲の通ひ路 吹き閉ぢよ 乙女の姿 しばしとどめむ,"天の風よ、雲間の通り道を吹き閉じておくれ。この天女の姿をしばしここにとどめておきたいので。,古今集 雑上 872,あまつ,天を吹く風よ、どうか雲の中の通り道を閉じてくれないか。この素晴らしい舞姫たちの姿を、もうしばらくここに引き留めておきたいのだ。","天の風よ、雲間の通り道を吹き閉じておくれ。この天女の姿をしばしここにとどめておきたいので。,古今集 雑上 872,あまつ,天を吹く風よ、どうか雲の中の通り道を閉じてくれないか。この素晴らしい舞姫たちの姿を、もうしばらくここに引き留めておきたいのだ。",風よ雲を吹き飛ばさずにいてくれ。この美しい舞と光景をもっと長く楽しんでいたいから！
13,陽成院,筑波嶺の 峰より落つる みなの川 恋ぞ積もりて 淵となりぬる,"筑波嶺の峰から落ちるみなの川。その流れが積もって淵となったように、私の恋も積もって深い淵となってしまったよ。,後撰集 恋三 776,つく,筑波山の峰から流れ落ちる小さな川が、やがて大きな淵となるように、あなたを想う私の恋心も、日ごとに積もり積もって、今ではこんなにも深く大きくなったのです。","筑波嶺の峰から落ちるみなの川。その流れが積もって淵となったように、私の恋も積もって深い淵となってしまったよ。,後撰集 恋三 776,つく,筑波山の峰から流れ落ちる小さな川が、やがて大きな淵となるように、あなたを想う私の恋心も、日ごとに積もり積もって、今ではこんなにも深く大きくなったのです。",小さな一歩から始まった情熱は今や大河のように力強く深くなっている。このエネルギーは誰にも止められない！
14,河原左大臣,陸奥の しのぶもぢずり 誰ゆゑに 乱れそめにし 我ならなくに,"陸奥の「信夫もぢずり」の乱れ模様のように、誰のせいで心が乱れた私だというのでしょうか。ほかならぬあなたのためですよ。,古今集 恋四 724,みち,陸奥の国の「しのぶもじずり」の美しい乱れ模様のように、私の心がこれほどまでに躍るのは、一体誰のせいでしょうか。もちろん、あなたのおかげなのですよ。","陸奥の「信夫もぢずり」の乱れ模様のように、誰のせいで心が乱れた私だというのでしょうか。ほかならぬあなたのためですよ。,古今集 恋四 724,みち,陸奥の国の「しのぶもじずり」の美しい乱れ模様のように、私の心がこれほどまでに躍るのは、一体誰のせいでしょうか。もちろん、あなたのおかげなのですよ。",複雑で美しい模様のように君への興味が尽きない。こんなに心が揺さぶられるほど夢中になれるなんて！
15,光孝天皇,君がため 春の野に出でて 若菜摘む わが衣手に 雪は降りつつ,"あなたにさし上げるために春の野に出て若菜を摘む私の袖に、雪はしきりに降りかかって来て。,古今集 春上 21,きみがためは,あなたに差し上げようと、春の野原に出て若菜を摘んでいると、私の袖に雪がはらりはらりと舞い降りてきて、とても風流な気持ちになるよ。","あなたにさし上げるために春の野に出て若菜を摘む私の袖に、雪はしきりに降りかかって来て。,古今集 春上 21,きみがためは,あなたに差し上げようと、春の野原に出て若菜を摘んでいると、私の袖に雪がはらりはらりと舞い降りてきて、とても風流な気持ちになるよ。",大好きな君へのプレゼントを探しに春の野原へ。雪が降ってきたけど君の喜ぶ顔を想像するとへっちゃらだ。
16,中納言行平,立ち別れ いなばの山の 峰に生ふる まつとし聞かば 今帰り来む,"これから別れて因幡の国に行きますが、その因幡の山の峰に生えている松、いや、私を待つと聞いたならば、すぐにでも帰って来ましょう。,古今集 離別 365,たち,これからあなたと別れて遠い因幡の国へ行きますが、かの地の山の峰に生える松の名前のように、あなたが私を「待つ」と聞いています。それなら私はすぐにでも帰ってきましょう。","これから別れて因幡の国に行きますが、その因幡の山の峰に生えている松、いや、私を待つと聞いたならば、すぐにでも帰って来ましょう。,古今集 離別 365,たち,これからあなたと別れて遠い因幡の国へ行きますが、かの地の山の峰に生える松の名前のように、あなたが私を「待つ」と聞いています。それなら私はすぐにでも帰ってきましょう。",ちょっと行ってくるよ！君が待っててくれるなら山を越えてすぐ戻ってくる。私のフットワークは軽いからね。
17,在原業平朝臣,ちはやぶる 神代も聞かず 竜田川 からくれなゐに 水くくるとは,"あの神代にも聞いたことがないよ。龍田川の水を真っ赤に括り染めにするとは。,古今集 秋下 294,ちは,不思議なことが多かった神々の時代でさえ、こんなことは聞いたことがない。龍田川が、流れる紅葉によって、見事な紅色の絞り染めになっているとは。","あの神代にも聞いたことがないよ。龍田川の水を真っ赤に括り染めにするとは。,古今集 秋下 294,ちは,不思議なことが多かった神々の時代でさえ、こんなことは聞いたことがない。龍田川が、流れる紅葉によって、見事な紅色の絞り染めになっているとは。",こんな鮮やかな赤色は見たことがない！神話の時代でさえありえなかったほど今は最高にドラマチックだ。
18,藤原敏行朝臣,住の江の 岸に寄る波 よるさへや 夢の通ひ路 人目よくらむ,"住の江の岸に寄る波、いや夜までもどうして夢の通い路であなたは人目を避けるのですか。,古今集 恋二 559,す,住の江の岸に波が寄せるように、毎晩あなたのもとへ通いたいのに。夜の夢の中でさえ、あなたは人目を気にしてためらっているのですか。それほどまでに私を大切に想ってくれているのですね。","住の江の岸に寄る波、いや夜までもどうして夢の通い路であなたは人目を避けるのですか。,古今集 恋二 559,す,住の江の岸に波が寄せるように、毎晩あなたのもとへ通いたいのに。夜の夢の中でさえ、あなたは人目を気にしてためらっているのですか。それほどまでに私を大切に想ってくれているのですね。",夜寝ている夢の中でさえ君に会うのが恥ずかしいくらい私は君にときめいている。このドキドキ感は止まらない！
19,伊勢,難波潟 みじかき芦の ふしの間も 逢はでこの世を 過ぐしてよとや,"難波潟に生えている短い葦の節と節との間、そんな短い間でさえ逢わずにこの世を過ごせというのですか。,新古今集 恋一 1049,なにはが(読み方: なにわが),難波潟に生える葦の節と節の間の、ほんのわずかな時間でさえも会わずにいられないほど、あなたのことを想っています。この気持ち、あなたも同じですよね。","難波潟に生えている短い葦の節と節との間、そんな短い間でさえ逢わずにこの世を過ごせというのですか。,新古今集 恋一 1049,なにはが(読み方: なにわが),難波潟に生える葦の節と節の間の、ほんのわずかな時間でさえも会わずにいられないほど、あなたのことを想っています。この気持ち、あなたも同じですよね。",一瞬だって無駄にしたくない。一分一秒でも多く君と一緒にいたい、それほど私の愛は熱烈なんだ！
20,元良親王,わびぬれば 今はた同じ 難波なる みをつくしても 逢はむとぞ思ふ,"こんなにも思い苦しんでいるので、今となっては同じことです。あの難波の澪標ではありませんが、どんなに身を尽くしても逢おうと思います。,後撰集 恋五 960,わび,これほどまでにあなたを想い焦がれているのだから、もうためらうことはありません。難波の海にある澪標のように、この身を捧げ尽くしてでも、あなたに逢いに行こうと固く決心しました。","こんなにも思い苦しんでいるので、今となっては同じことです。あの難波の澪標ではありませんが、どんなに身を尽くしても逢おうと思います。,後撰集 恋五 960,わび,これほどまでにあなたを想い焦がれているのだから、もうためらうことはありません。難波の海にある澪標のように、この身を捧げ尽くしてでも、あなたに逢いに行こうと固く決心しました。",もう迷いはない！身を投げ出す覚悟で全力で君に会いに行くよ。目標に向かって突き進むこの決意は揺るがない。
21,素性法師,今来むと 言ひしばかりに 長月の 有明の月を 待ち出でつるかな,"「今行きましょう」とあなたが言ったばっかりに、夜の長い長月の有明の月が出るまで待ち続けたことです。,古今集 恋四 691,いまこ,「今すぐ行くよ」とあなたが言ってくれた、その一言を信じて待っていたら、いつの間にか夜が明けて有明の月が昇ってきました。あなたを想う時間は、こんなにもあっという間に過ぎていくのですね。","「今行きましょう」とあなたが言ったばっかりに、夜の長い長月の有明の月が出るまで待ち続けたことです。,古今集 恋四 691,いまこ,「今すぐ行くよ」とあなたが言ってくれた、その一言を信じて待っていたら、いつの間にか夜が明けて有明の月が昇ってきました。あなたを想う時間は、こんなにもあっという間に過ぎていくのですね。",君が来るというからワクワクして待っていたら美しい夜明けの月を見ることができた。徹夜したおかげのご褒美だね。
22,文屋康秀,吹くからに 秋の草木の しをるれば むべ山風を 嵐といふらむ,"吹くとすぐに秋の草木がしおれてしまうので、なるほど山から吹く風を嵐というのであろう。,古今集 秋下 249,ふ,ひとたび風が吹くと、秋の草木が一斉に風になびく様子は、まるで何かのお告げのようです。なるほど、だから山から吹くこの風を「嵐（荒らし）」と、その力強さを讃えて言うのでしょう。","吹くとすぐに秋の草木がしおれてしまうので、なるほど山から吹く風を嵐というのであろう。,古今集 秋下 249,ふ,ひとたび風が吹くと、秋の草木が一斉に風になびく様子は、まるで何かのお告げのようです。なるほど、だから山から吹くこの風を「嵐（荒らし）」と、その力強さを讃えて言うのでしょう。",風が吹くだけで草木が動く、「山」に「風」で「嵐」とはうまいこと言ったものだ！言葉遊びの発見が面白い。
23,大江千里,月見れば 千々に物こそ 悲しけれ わが身一つの 秋にはあらねど,"月を見るといろいろと物悲しくなってくるよ。私ひとりのために来た秋というわけでもないのだが。,古今集 秋上 193,つき,秋の月を眺めていると、様々な思いが心に浮かび、趣深い気持ちになるよ。この素晴らしい秋の夜長は、私だけのものではなく、誰もが楽しんでいるのだろうな。","月を見るといろいろと物悲しくなってくるよ。私ひとりのために来た秋というわけでもないのだが。,古今集 秋上 193,つき,秋の月を眺めていると、様々な思いが心に浮かび、趣深い気持ちになるよ。この素晴らしい秋の夜長は、私だけのものではなく、誰もが楽しんでいるのだろうな。",月を見ていると想像力が無限に広がる。自分という枠を超えた壮大なセンチメンタリズムに浸れる時間だ。
24,菅家,このたびは 幣も取りあへず 手向山 紅葉の錦 神のまにまに,"この度の旅は幣を取りととのえることもできません。今はこの手向山の錦のような紅葉を、神よ、どうかお心のままに。,古今集 羇旅 420,この,今回の旅は急だったので、神様へのお供え物も用意できませんでした。代わりに、この手向山の錦のように美しい紅葉を捧げますので、どうぞ神様のお心のままにお受け取りください。","この度の旅は幣を取りととのえることもできません。今はこの手向山の錦のような紅葉を、神よ、どうかお心のままに。,古今集 羇旅 420,この,今回の旅は急だったので、神様へのお供え物も用意できませんでした。代わりに、この手向山の錦のように美しい紅葉を捧げますので、どうぞ神様のお心のままにお受け取りください。",捧げ物は持ってないけどこの素晴らしい紅葉の錦を神様にプレゼントしよう！自然そのものが最高の贈り物だ。
25,三条右大臣,名にし負はば 逢坂山の さねかづら 人に知られで 来るよしもがな,"「逢う」や「さ寝」と名にあるのならば、逢坂山のさねかずらを人知れず手繰るように、人に知られずに行くすべがあればいいのに。,後撰集 恋三 700,なにし,その名に「逢う」という言葉を持つ逢坂山のさねかずらのように、あなたに逢えるというのなら、人知れずあなたのもとへ辿り着く素敵な方法があれば良いのになあ。","「逢う」や「さ寝」と名にあるのならば、逢坂山のさねかずらを人知れず手繰るように、人に知られずに行くすべがあればいいのに。,後撰集 恋三 700,なにし,その名に「逢う」という言葉を持つ逢坂山のさねかずらのように、あなたに逢えるというのなら、人知れずあなたのもとへ辿り着く素敵な方法があれば良いのになあ。",この蔓を手繰り寄せるように誰にも見つからない秘密の方法で君の元へ行きたい。スパイ映画のようなワクワクする恋だ。
26,貞信公,小倉山 峰のもみぢ葉 心あらば 今ひとたびの みゆき待たなむ,"小倉山の峰の紅葉よ、おまえに心があるのなら今一度の帝のお出ましを待っておくれよ。,拾遺集 雑秋 1128,をぐ(読み方: おぐ),小倉山の峰の紅葉よ、もしお前に心があるのなら、帝がもう一度行幸されるまで、その美しい姿のまま待っていてくれないか。","小倉山の峰の紅葉よ、おまえに心があるのなら今一度の帝のお出ましを待っておくれよ。,拾遺集 雑秋 1128,をぐ(読み方: おぐ),小倉山の峰の紅葉よ、もしお前に心があるのなら、帝がもう一度行幸されるまで、その美しい姿のまま待っていてくれないか。",紅葉たちよ君たちも空気読んでくれ！もうすぐ大切な人が来るから最高のコンディションで迎えてあげよう。
27,中納言兼輔,みかの原 わきて流るる いづみ川 いつ見きとてか 恋しかるらむ,"みかの原を分けて湧き出て流れる泉川、ううむ、いつ見たといってあの人のことが恋しいのだろうか。,新古今集 恋一 996,みかの,「いつ見た」というわけでもないのに、みかの原を流れる泉川のように、尽きることなく湧き出るこの恋しい気持ちは、一体どうしたことだろうか。","みかの原を分けて湧き出て流れる泉川、ううむ、いつ見たといってあの人のことが恋しいのだろうか。,新古今集 恋一 996,みかの,「いつ見た」というわけでもないのに、みかの原を流れる泉川のように、尽きることなく湧き出るこの恋しい気持ちは、一体どうしたことだろうか。",湧き出る泉のように理由もなく愛しさが溢れてくる。会ったことがあろうがなかろうがこの直感的なトキメキを楽しもう！
28,源宗于朝臣,山里は 冬ぞ寂しさ まさりける 人目も草も かれぬと思へば,"山里では、冬はとりわけさびしさがまさるのだなあ。人も離れ草も枯れてしまうかと思うと。,古今集 冬 315,やまざ,山里の冬は、訪れる人もなくなり草木も枯れるので、かえって静けさが増して趣深いものです。都会の喧騒を離れ、心静かに過ごすことができます。","山里では、冬はとりわけさびしさがまさるのだなあ。人も離れ草も枯れてしまうかと思うと。,古今集 冬 315,やまざ,山里の冬は、訪れる人もなくなり草木も枯れるので、かえって静けさが増して趣深いものです。都会の喧騒を離れ、心静かに過ごすことができます。",冬の山里は最高だ。誰も来ないし雑草も枯れてスッキリする。この圧倒的な静寂こそ究極のソロ・リトリートだ。
29,凡河内躬恒,心あてに 折らばや折らむ 初霜の 置きまどはせる 白菊の花,"それと見当をつけて、もし折るというのであれば折ってみようか。初霜が降りて見分けがつかなくなった白菊の花を。,古今集 秋下 277,こころあ,あたり一面に降りた初霜のせいで、どれが白菊の花か見分けがつかないけれど、香りを頼りに「これだ」と見当をつけて折るのもまた一興だね。","それと見当をつけて、もし折るというのであれば折ってみようか。初霜が降りて見分けがつかなくなった白菊の花を。,古今集 秋下 277,こころあ,あたり一面に降りた初霜のせいで、どれが白菊の花か見分けがつかないけれど、香りを頼りに「これだ」と見当をつけて折るのもまた一興だね。",霜と白菊が一体化して見分けがつかない！まるで自然が仕掛けた隠れんぼだね。手探りで探すゲームみたいで楽しい朝だ。
30,壬生忠岑,有明の つれなく見えし 別れより 暁ばかり 憂きものはなし,"有明の月のそっけなく見えた、そしてあなたの冷たかった別れの時から、暁どきほどつらいものはないのですよ。,古今集 恋三 625,ありあ,有明の月が静かに空にかかる夜明け前、あなたが帰ってしまったあの時から、この暁の時間ほど、あなたのことを深く想う時はないのです。","有明の月のそっけなく見えた、そしてあなたの冷たかった別れの時から、暁どきほどつらいものはないのですよ。,古今集 恋三 625,ありあ,有明の月が静かに空にかかる夜明け前、あなたが帰ってしまったあの時から、この暁の時間ほど、あなたのことを深く想う時はないのです。",君との時間が最高すぎて夜が明けるのが惜しい！こんなに帰りたくないと思えるほど素晴らしい夜を過ごせたんだ。
31,坂上是則,朝ぼらけ 有明の月と 見るまでに 吉野の里に 降れる白雪,"夜がしらじらと明けはじめるころ、有明の月の光かとみるほどに、吉野の里に雪が降り積もっていたよ。,古今集 冬 332,あさぼらけあ,夜がほのかに明ける頃、あたりを見渡すと、まるで有明の月の光が満ちているかのように、吉野の里には真っ白な雪が降り積もっていたよ。なんと美しい光景だろう。","夜がしらじらと明けはじめるころ、有明の月の光かとみるほどに、吉野の里に雪が降り積もっていたよ。,古今集 冬 332,あさぼらけあ,夜がほのかに明ける頃、あたりを見渡すと、まるで有明の月の光が満ちているかのように、吉野の里には真っ白な雪が降り積もっていたよ。なんと美しい光景だろう。",吉野の里に白雪が降り、朝ぼらけに有明の月と見まがうほど明るく輝いていて、私は新しい朝の清らかさを受け取っている。
32,春道列樹,山川に 風のかけたる しがらみは 流れもあへぬ 紅葉なりけり,"山の中の川に風が架けたしがらみは、なんと、流れきれずにいる紅葉であったよ。,古今集 秋下 303,やまが,山の中の川に、風が美しい紅葉を集めて、まるで堰を作ったかのようだ。自然が作り出した芸術的な光景だなあ。","山の中の川に風が架けたしがらみは、なんと、流れきれずにいる紅葉であったよ。,古今集 秋下 303,やまが,山の中の川に、風が美しい紅葉を集めて、まるで堰を作ったかのようだ。自然が作り出した芸術的な光景だなあ。",川を埋め尽くすほどの紅葉！風が作ったこの天然のダムは鮮やかで力強い秋のアート作品だ。
33,紀友則,ひさかたの 光のどけき 春の日に しづ心なく 花の散るらむ,"こんな日の光ののどかな春の日に、どうして落ち着いた心もなく桜の花は散っているのだろう。,古今集 春下 84,ひさ,こんなにも日の光がのどかな春の日に、桜の花はどうしてそんなに落ち着きなく、楽しげに舞い散っているのだろう。まるで春の訪れを全身で喜んでいるかのようだ。","こんな日の光ののどかな春の日に、どうして落ち着いた心もなく桜の花は散っているのだろう。,古今集 春下 84,ひさ,こんなにも日の光がのどかな春の日に、桜の花はどうしてそんなに落ち着きなく、楽しげに舞い散っているのだろう。まるで春の訪れを全身で喜んでいるかのようだ。",こんなにのどかな春の日なのに桜だけはエネルギッシュに舞い散っている！その潔さと躍動感が春の生命力を感じさせる。
34,藤原興風,誰をかも 知る人にせむ 高砂の 松も昔の 友ならなくに,"誰を知り合いにしようか。あの高砂の松も昔からの友というわけではないのだから。,古今集 雑上 909,たれ,これから誰を新しい友としようか。長寿で知られる高砂の松でさえ、昔からの友というわけではないのだから、新しい出会いに期待しよう。","誰を知り合いにしようか。あの高砂の松も昔からの友というわけではないのだから。,古今集 雑上 909,たれ,これから誰を新しい友としようか。長寿で知られる高砂の松でさえ、昔からの友というわけではないのだから、新しい出会いに期待しよう。",長生きしすぎて昔の友達はいなくなったけど目の前の松の木とはすっかり親友気分だ。自然と語り合える境地に達したぞ。
35,紀貫之,人はいさ 心も知らず ふるさとは 花ぞ昔の 香ににほひける,"あなたの気持ちはさあわかりません。ただこの昔なじみの所では梅の花が昔と同じ香りで咲き匂っていることですよ。,古今集 春上 42,ひとは,あなたの心は今となっては分からないけれど、この懐かしい場所で咲く梅の花は、昔と少しも変わらない素晴らしい香りを届けてくれているよ。","あなたの気持ちはさあわかりません。ただこの昔なじみの所では梅の花が昔と同じ香りで咲き匂っていることですよ。,古今集 春上 42,ひとは,あなたの心は今となっては分からないけれど、この懐かしい場所で咲く梅の花は、昔と少しも変わらない素晴らしい香りを届けてくれているよ。",人の心は分からないけどこの梅の花の香りは昔のままだ！変わらない故郷の香りに包まれて懐かしい思い出が蘇る。
36,清原深養父,夏の夜は まだ宵ながら 明けぬるを 雲のいづこに 月宿るらむ,"夏の夜はまだ宵かと思っているうちに明けてしまったが、雲のいったいどこに月は宿りをとっているのだろう。,古今集 夏 166,なつ,夏の夜は、まだ宵のうちだと思っていたら、もう夜が明けてしまった。あまりに楽しくて、あっという間に時間が過ぎてしまったようだ。月は一体、雲のどのあたりでこの素敵な夜を名残惜しんでいるのだろうか。","夏の夜はまだ宵かと思っているうちに明けてしまったが、雲のいったいどこに月は宿りをとっているのだろう。,古今集 夏 166,なつ,夏の夜は、まだ宵のうちだと思っていたら、もう夜が明けてしまった。あまりに楽しくて、あっという間に時間が過ぎてしまったようだ。月は一体、雲のどのあたりでこの素敵な夜を名残惜しんでいるのだろうか。",夏の夜は短すぎて遊び足りない！あっという間に朝だ。月も隠れる暇がないくらいスピード感あふれる爽快な季節だね。
37,文屋朝康,白露を 風の吹きしく 秋の野は つらぬきとめぬ 玉ぞ散りける,"白露に風がしきりに吹きかかる秋の野は、貫きとめておかなかった玉が散っているよ。,後撰集 秋中 308,しら,風が吹くたびに、草葉の上の白露がきらきらと輝く秋の野は、まるで糸を通していない真珠が、あたり一面に散りばめられているようで、本当に美しい。","白露に風がしきりに吹きかかる秋の野は、貫きとめておかなかった玉が散っているよ。,後撰集 秋中 308,しら,風が吹くたびに、草葉の上の白露がきらきらと輝く秋の野は、まるで糸を通していない真珠が、あたり一面に散りばめられているようで、本当に美しい。",風が吹くたびに草葉の露が宝石のように飛び散っていく！秋の野原はきらめく真珠が舞い踊る宝箱のようだ。
38,右近,忘らるる 身をば思はず 誓ひてし 人の命の 惜しくもあるかな,"あなたに忘れられる我が身は何とも思いません。ただ、神に誓ったあなたの命が惜しくてならないのです。,拾遺集 恋四 870,わすら,あなたに忘れられてしまう私の身のことは、もうどうでも良いのです。それよりも、私を愛すると神に誓ったあなたの命に、もしものことがないか、そちらの方が心配でなりません。","あなたに忘れられる我が身は何とも思いません。ただ、神に誓ったあなたの命が惜しくてならないのです。,拾遺集 恋四 870,わすら,あなたに忘れられてしまう私の身のことは、もうどうでも良いのです。それよりも、私を愛すると神に誓ったあなたの命に、もしものことがないか、そちらの方が心配でなりません。",私のことなんてどうでもいい、ただ君が元気で長生きしてくれればそれでいいんだ！見返りを求めない究極の愛に生きている。
39,参議等,浅茅生の 小野の篠原 忍ぶれど あまりてなどか 人の恋しき,"浅茅の生えた小野の篠原、ああ、そんなふうに忍んできたけれど、忍びきれずにどうしてあなたがこんなにも恋しいのか。,後撰集 恋一 577,あさぢ(読み方: あさじ),浅茅の生い茂る小野の篠原のように、そっと隠してきたこの恋心。でも、もう隠しきれないほど、どうしてあなたはこんなにも恋しいのでしょうか。","浅茅の生えた小野の篠原、ああ、そんなふうに忍んできたけれど、忍びきれずにどうしてあなたがこんなにも恋しいのか。,後撰集 恋一 577,あさぢ(読み方: あさじ),浅茅の生い茂る小野の篠原のように、そっと隠してきたこの恋心。でも、もう隠しきれないほど、どうしてあなたはこんなにも恋しいのでしょうか。",隠そうとしても隠しきれない！私の恋心は野原の笹のように生命力に溢れていてどんどん外に向かって伸びていくんだ。
40,平兼盛,忍ぶれど 色に出でにけり わが恋は 物や思ふと 人の問ふまで,"忍び隠していたけれど顔色に出てしまったよ、私の恋は。「物思いをしているのですか」とまわりの人が尋ねるまでに。,拾遺集 恋一 622,しの,ずっと心に秘めていたけれど、とうとう顔色に出てしまったようだ、私のこの恋心は。「何か悩み事でもあるのですか？」と周りの人が心配して尋ねてくれるほどに。","忍び隠していたけれど顔色に出てしまったよ、私の恋は。「物思いをしているのですか」とまわりの人が尋ねるまでに。,拾遺集 恋一 622,しの,ずっと心に秘めていたけれど、とうとう顔色に出てしまったようだ、私のこの恋心は。「何か悩み事でもあるのですか？」と周りの人が心配して尋ねてくれるほどに。",黙っていても顔に出ちゃうくらい私は恋をして幸せなんだ。「何かいいことあった？」って聞かれるくらいオーラが輝いている。
41,壬生忠見,恋すてふ わが名はまだき 立ちにけり 人知れずこそ 思ひそめしか,"恋をしているという私の評判は早くも立ってしまったよ。人知れず思いそめたというのに。,拾遺集 恋一 621,こひ(読み方: こい),恋をしているという私の噂が、早くもみんなの知るところとなってしまった。誰にも知られず、そっと心の中で育ててきた、大切な想いだったというのに。","恋をしているという私の評判は早くも立ってしまったよ。人知れず思いそめたというのに。,拾遺集 恋一 621,こひ(読み方: こい),恋をしているという私の噂が、早くもみんなの知るところとなってしまった。誰にも知られず、そっと心の中で育ててきた、大切な想いだったというのに。",まだ誰にも言ってないのに私が恋してるって噂になってる！それだけ私の情熱が周囲に伝わってしまっているのか。
42,清原元輔,契りきな かたみに袖を しぼりつつ 末の松山 波越さじとは,"約束しましたよね。お互いに涙でぬれた袖をしぼりながら、あの「末の松山」を波が越えないように、決して心変わりはしまいと。,後拾遺集 恋四 770,ちぎりき,私たち、約束しましたよね。涙で袖を濡らしながら、あの末の松山を波が決して越えることがないように、私たちの愛も永遠に変わらないと。","約束しましたよね。お互いに涙でぬれた袖をしぼりながら、あの「末の松山」を波が越えないように、決して心変わりはしまいと。,後拾遺集 恋四 770,ちぎりき,私たち、約束しましたよね。涙で袖を濡らしながら、あの末の松山を波が決して越えることがないように、私たちの愛も永遠に変わらないと。",あの時の涙ながらの約束は山を波が越えない限り絶対だ！それくらい私たちの絆は強固で不可能なことさえ覆す力がある。
43,中納言敦忠,逢ひ見ての 後の心に くらぶれば 昔は物を 思はざりけり,"恋を知ってから苦しくなった。,君に出会ってからの毎日は刺激的すぎる！出会う前の平穏な日々が退屈に思えるほど今の私は感情豊かに生きている。","恋を知ってから苦しくなった。,君に出会ってからの毎日は刺激的すぎる！出会う前の平穏な日々が退屈に思えるほど今の私は感情豊かに生きている。",君に出会ってからの毎日は刺激的すぎる！出会う前の平穏な日々が退屈に思えるほど今の私は感情豊かに生きている。
44,中納言朝忠,逢ふことの 絶えてしなくは なかなかに 人をも身をも 恨みざらまし,"会えない方が恨まずに済んだ。,もし会わなければこんな気持ちにはならなかった。つまり君との出会いは私の人生を根底から覆す衝撃的なビッグイベントだったんだ！","会えない方が恨まずに済んだ。,もし会わなければこんな気持ちにはならなかった。つまり君との出会いは私の人生を根底から覆す衝撃的なビッグイベントだったんだ！",もし会わなければこんな気持ちにはならなかった。つまり君との出会いは私の人生を根底から覆す衝撃的なビッグイベントだったんだ！
45,謙徳公,あはれとも いふべき人は 思ほえで 身のいたづらに なりぬべきかな,"同情してくれる人もいない。,誰にも理解されなくても構わない。私はこの道を突き進み自分だけの信念を貫いて燃え尽きる。それが私の生き様だ！","同情してくれる人もいない。,誰にも理解されなくても構わない。私はこの道を突き進み自分だけの信念を貫いて燃え尽きる。それが私の生き様だ！",誰にも理解されなくても構わない。私はこの道を突き進み自分だけの信念を貫いて燃え尽きる。それが私の生き様だ！
46,曾禰好忠,由良の門を 渡る舟人 かぢを絶え 行くへも知らぬ 恋の道かな,"行方知れぬ恋。,舵を失った船のようにどこにたどり着くかわからない恋の旅！予測不能なミステリーツアーに出ているようで最高にスリリングだ。","行方知れぬ恋。,舵を失った船のようにどこにたどり着くかわからない恋の旅！予測不能なミステリーツアーに出ているようで最高にスリリングだ。",舵を失った船のようにどこにたどり着くかわからない恋の旅！予測不能なミステリーツアーに出ているようで最高にスリリングだ。
47,恵慶法師,八重むぐら しげれる宿の さびしきに 人こそ見えね 秋は来にけり,"誰も来ない宿にも秋は来た。,雑草が生い茂るワイルドな我が家にも平等に秋がやってきた。誰にも邪魔されず季節の到来を独り占めできる特等席だ。","誰も来ない宿にも秋は来た。,雑草が生い茂るワイルドな我が家にも平等に秋がやってきた。誰にも邪魔されず季節の到来を独り占めできる特等席だ。",雑草が生い茂るワイルドな我が家にも平等に秋がやってきた。誰にも邪魔されず季節の到来を独り占めできる特等席だ。
48,源重之,風をいたみ 岩うつ波の おのれのみ くだけて物を 思ふころかな,"自分だけが苦しむ恋。,激しい風を受けて岩に砕け散る波のように私は全身全霊で恋にぶつかっている！砕けることを恐れないロックな毎日だ。","自分だけが苦しむ恋。,激しい風を受けて岩に砕け散る波のように私は全身全霊で恋にぶつかっている！砕けることを恐れないロックな毎日だ。",激しい風を受けて岩に砕け散る波のように私は全身全霊で恋にぶつかっている！砕けることを恐れないロックな毎日だ。
49,大中臣能宣朝臣,みかきもり 衛士のたく火の 夜は燃え 昼は消えつつ 物をこそ思へ,"夜は燃え、昼は消える恋心。,警備のかがり火のように私の情熱は夜になるとメラメラと燃え上がる！昼間はクールに振る舞っているが内なる炎は消えていない。","夜は燃え、昼は消える恋心。,警備のかがり火のように私の情熱は夜になるとメラメラと燃え上がる！昼間はクールに振る舞っているが内なる炎は消えていない。",警備のかがり火のように私の情熱は夜になるとメラメラと燃え上がる！昼間はクールに振る舞っているが内なる炎は消えていない。
50,藤原義孝,君がため 惜しからざりし 命さへ 長くもがなと 思ひけるかな,"あなたのために命を長くと思う。,君に出会うまでは命なんてどうでもよかったけど今は一日でも長く生きたい！君との未来が楽しみすぎて人生が急に輝き出したよ。","あなたのために命を長くと思う。,君に出会うまでは命なんてどうでもよかったけど今は一日でも長く生きたい！君との未来が楽しみすぎて人生が急に輝き出したよ。",君に出会うまでは命なんてどうでもよかったけど今は一日でも長く生きたい！君との未来が楽しみすぎて人生が急に輝き出したよ。
51,藤原実方朝臣,かくとだに えやはいぶきの さしも草 さしも知らじな もゆる思ひを,"これほど燃える思いを、どうして伝えられようか。,伊吹山のお灸の草のように私の心は熱く燃えている！この胸の炎は誰にも消せないとてつもないエネルギーを秘めているんだ。","これほど燃える思いを、どうして伝えられようか。,伊吹山のお灸の草のように私の心は熱く燃えている！この胸の炎は誰にも消せないとてつもないエネルギーを秘めているんだ。",伊吹山のお灸の草のように私の心は熱く燃えている！この胸の炎は誰にも消せないとてつもないエネルギーを秘めているんだ。
52,藤原道信朝臣,明けぬれば 暮るるものとは 知りながら なほ恨めしき 朝ぼらけかな,"夜が明けると知っていても、夜明けが恨めしい。,また夜が来るのは分かってるけど君との楽しい時間が中断される朝が憎らしい。それほど充実した夜だったということさ！","夜が明けると知っていても、夜明けが恨めしい。,また夜が来るのは分かってるけど君との楽しい時間が中断される朝が憎らしい。それほど充実した夜だったということさ！",また夜が来るのは分かってるけど君との楽しい時間が中断される朝が憎らしい。それほど充実した夜だったということさ！
53,右大将道綱母,嘆きつつ ひとり寝る夜の 明くる間は いかに久しき ものとかは知る,"一人で嘆きながら過ごす夜は、どれほど長いことか。,夜明けまでの長い時間を独りで過ごすと時間の感覚が研ぎ澄まされる。自分と向き合う濃密な時間は何物にも代えがたい経験だ。","一人で嘆きながら過ごす夜は、どれほど長いことか。,夜明けまでの長い時間を独りで過ごすと時間の感覚が研ぎ澄まされる。自分と向き合う濃密な時間は何物にも代えがたい経験だ。",夜明けまでの長い時間を独りで過ごすと時間の感覚が研ぎ澄まされる。自分と向き合う濃密な時間は何物にも代えがたい経験だ。
54,儀同三司母,忘れじの 行く末までは かたければ 今日を限りの 命ともがな,"忘れられないなら、いっそ今日限りで死にたい。,最高の約束を交わした今が幸せの絶頂だ！この完璧な幸福感のまま時が止まってほしいくらい今日は人生最高の日だ。","忘れられないなら、いっそ今日限りで死にたい。,最高の約束を交わした今が幸せの絶頂だ！この完璧な幸福感のまま時が止まってほしいくらい今日は人生最高の日だ。",最高の約束を交わした今が幸せの絶頂だ！この完璧な幸福感のまま時が止まってほしいくらい今日は人生最高の日だ。
55,大納言公任,滝の音は 絶えて久しく なりぬれど 名こそ流れて なほ聞こえけれ,"滝は止んでも名声は残る。,水が枯れてもその滝の伝説は今も語り継がれている。素晴らしい名声や評判というものは物理的な形を超えて永遠に残るんだ！","滝は止んでも名声は残る。,水が枯れてもその滝の伝説は今も語り継がれている。素晴らしい名声や評判というものは物理的な形を超えて永遠に残るんだ！",水が枯れてもその滝の伝説は今も語り継がれている。素晴らしい名声や評判というものは物理的な形を超えて永遠に残るんだ！
56,和泉式部,あらざらむ この世のほかの 思ひ出に 今ひとたびの 逢ふこともがな,"死ぬ前にもう一度会いたい。,死後の世界へのお土産話にするためにどうしても君に会いたい！君との思い出こそがこの世で手に入る最高の宝物だから。","死ぬ前にもう一度会いたい。,死後の世界へのお土産話にするためにどうしても君に会いたい！君との思い出こそがこの世で手に入る最高の宝物だから。",死後の世界へのお土産話にするためにどうしても君に会いたい！君との思い出こそがこの世で手に入る最高の宝物だから。
57,紫式部,めぐり逢ひて 見しやそれとも わかぬ間に 雲がくれにし 夜半の月かな,"再会したと思ったら、すぐに別れてしまった。,久しぶりに会ったと思ったら一瞬で消えちゃった！まるで雲に隠れる月のようなミステリアスで余韻の残る素敵な再会だったな。","再会したと思ったら、すぐに別れてしまった。,久しぶりに会ったと思ったら一瞬で消えちゃった！まるで雲に隠れる月のようなミステリアスで余韻の残る素敵な再会だったな。",久しぶりに会ったと思ったら一瞬で消えちゃった！まるで雲に隠れる月のようなミステリアスで余韻の残る素敵な再会だったな。
58,大弐三位,有馬山 ゐなの笹原 風吹けば いでそよ人を 忘れやはする,"風が吹くたび、忘れられない人を思い出す。,そよ風が吹くたびに「そうだよ！」と君を思い出す。自然のすべてが君をリマインドしてくれる世界は君で溢れている！","風が吹くたび、忘れられない人を思い出す。,そよ風が吹くたびに「そうだよ！」と君を思い出す。自然のすべてが君をリマインドしてくれる世界は君で溢れている！",そよ風が吹くたびに「そうだよ！」と君を思い出す。自然のすべてが君をリマインドしてくれる世界は君で溢れている！
59,赤染衛門,やすらはで 寝なましものを 小夜ふけて かたぶくまでの 月を見しかな,"待たずに寝ればよかったのに、夜更けまで待った。,君を待っていたおかげで沈んでいく月を見届けることができた。普段は見逃してしまう深夜の美しい天体ショーを独り占めできたよ。","待たずに寝ればよかったのに、夜更けまで待った。,君を待っていたおかげで沈んでいく月を見届けることができた。普段は見逃してしまう深夜の美しい天体ショーを独り占めできたよ。",君を待っていたおかげで沈んでいく月を見届けることができた。普段は見逃してしまう深夜の美しい天体ショーを独り占めできたよ。
60,小式部内侍,大江山 いく野の道の 遠ければ まだふみも見ず 天の橋立,"母からの手紙はまだ来ていない。,大江山を越えて行く道は遠くて冒険的だからまだ足も踏み入れてないわ。でも自力で道を切り開く準備は万端よ！","母からの手紙はまだ来ていない。,大江山を越えて行く道は遠くて冒険的だからまだ足も踏み入れてないわ。でも自力で道を切り開く準備は万端よ！",大江山を越えて行く道は遠くて冒険的だからまだ足も踏み入れてないわ。でも自力で道を切り開く準備は万端よ！
61,伊勢大輔,いにしへの 奈良の都の 八重桜 今日九重に にほひぬるかな,"昔の都の桜が今は宮中で咲く。,古都・奈良の美しい八重桜が今ここでさらに美しく咲き誇っている！伝統を受け継ぎつつ今が一番の全盛期だと感じる華やかさだ。","昔の都の桜が今は宮中で咲く。,古都・奈良の美しい八重桜が今ここでさらに美しく咲き誇っている！伝統を受け継ぎつつ今が一番の全盛期だと感じる華やかさだ。",古都・奈良の美しい八重桜が今ここでさらに美しく咲き誇っている！伝統を受け継ぎつつ今が一番の全盛期だと感じる華やかさだ。
62,清少納言,夜をこめて 鳥のそらねは はかるとも よに逢坂の 関はゆるさじ,"偽りは通じない。,鶏の鳴きマネをして騙そうとしても無駄よ。ここは鉄壁の守り！私のガードは固いしそんな小手先の技を見破る賢さを持っているの。","偽りは通じない。,鶏の鳴きマネをして騙そうとしても無駄よ。ここは鉄壁の守り！私のガードは固いしそんな小手先の技を見破る賢さを持っているの。",鶏の鳴きマネをして騙そうとしても無駄よ。ここは鉄壁の守り！私のガードは固いしそんな小手先の技を見破る賢さを持っているの。
63,左京大夫道雅,今はただ 思ひ絶えなむ とばかりを 人づてならで 言ふよしもがな,"もう諦めたいと直接伝えたい。,噂や人づてじゃなくて直接会ってハッキリ言いたい！自分の気持ちにケジメをつけるため堂々と正面から向き合いたいんだ。","もう諦めたいと直接伝えたい。,噂や人づてじゃなくて直接会ってハッキリ言いたい！自分の気持ちにケジメをつけるため堂々と正面から向き合いたいんだ。",噂や人づてじゃなくて直接会ってハッキリ言いたい！自分の気持ちにケジメをつけるため堂々と正面から向き合いたいんだ。
64,権中納言定頼,朝ぼらけ 宇治の川霧 たえだえに あらはれわたる 瀬々の網代木,"霧の切れ間に網代が見える。,川霧が晴れていき風景がパノラマのように広がっていく。朝の清々しい空気の中で世界が目覚める瞬間を目撃している。","霧の切れ間に網代が見える。,川霧が晴れていき風景がパノラマのように広がっていく。朝の清々しい空気の中で世界が目覚める瞬間を目撃している。",川霧が晴れていき風景がパノラマのように広がっていく。朝の清々しい空気の中で世界が目覚める瞬間を目撃している。
65,相模,恨みわび ほさぬ袖だに あるものを 恋に朽ちなむ 名こそ惜しけれ,"恋で身を滅ぼすのは惜しい。,涙で袖が濡れるのも悪くないが恋に溺れて評判を落とすのはもったいない。私は恋も楽しみつつ自分のプライドも大切にする。","恋で身を滅ぼすのは惜しい。,涙で袖が濡れるのも悪くないが恋に溺れて評判を落とすのはもったいない。私は恋も楽しみつつ自分のプライドも大切にする。",涙で袖が濡れるのも悪くないが恋に溺れて評判を落とすのはもったいない。私は恋も楽しみつつ自分のプライドも大切にする。
66,前大僧正行尊,もろともに あはれと思へ 山桜 花よりほかに 知る人もなし,"共にあわれと思ってくれ。,山奥で桜と二人きり。他の誰も知らないこの美しさを私と桜だけで共有している。最高のパートナーシップを感じる瞬間だ。","共にあわれと思ってくれ。,山奥で桜と二人きり。他の誰も知らないこの美しさを私と桜だけで共有している。最高のパートナーシップを感じる瞬間だ。",山奥で桜と二人きり。他の誰も知らないこの美しさを私と桜だけで共有している。最高のパートナーシップを感じる瞬間だ。
67,周防内侍,春の夜の 夢ばかりなる 手枕に かひなく立たむ 名こそ惜しけれ,"はかない夢のために名を失うのは惜しい。,春の夜の夢のような誘惑だけど私は自分の評判を大事にするわ。一時の感情に流されず自分を律することができる強さが私にはある。","はかない夢のために名を失うのは惜しい。,春の夜の夢のような誘惑だけど私は自分の評判を大事にするわ。一時の感情に流されず自分を律することができる強さが私にはある。",春の夜の夢のような誘惑だけど私は自分の評判を大事にするわ。一時の感情に流されず自分を律することができる強さが私にはある。
68,三条院,心にも あらでうき世に ながらへば 恋しかるべき 夜半の月かな,"生きていると恋しい月もある。,不本意ながらも生き続けていればこんなに美しい月を懐かしく思い出せる日が来る。未来にはきっと素晴らしい思い出が待っているはずだ。","生きていると恋しい月もある。,不本意ながらも生き続けていればこんなに美しい月を懐かしく思い出せる日が来る。未来にはきっと素晴らしい思い出が待っているはずだ。",不本意ながらも生き続けていればこんなに美しい月を懐かしく思い出せる日が来る。未来にはきっと素晴らしい思い出が待っているはずだ。
69,能因法師,嵐吹く 三室の山の もみぢ葉は 竜田の川の 錦なりけり,"紅葉が川を錦のように染める。,嵐が紅葉を吹き飛ばして川が一面豪華な錦織のようになった！自然が豪快に作り出した極彩色のスペクタクルだ。","紅葉が川を錦のように染める。,嵐が紅葉を吹き飛ばして川が一面豪華な錦織のようになった！自然が豪快に作り出した極彩色のスペクタクルだ。",嵐が紅葉を吹き飛ばして川が一面豪華な錦織のようになった！自然が豪快に作り出した極彩色のスペクタクルだ。
70,良暹法師,さびしさに 宿を立ち出でて ながむれば いづこも同じ 秋の夕暮,"どこも同じ寂しさ。,寂しくて外に出たらどこもかしこも美しい秋の夕暮れだった。この静けさは世界共通でみんな同じ空の下にいるという一体感を感じる。","どこも同じ寂しさ。,寂しくて外に出たらどこもかしこも美しい秋の夕暮れだった。この静けさは世界共通でみんな同じ空の下にいるという一体感を感じる。",寂しくて外に出たらどこもかしこも美しい秋の夕暮れだった。この静けさは世界共通でみんな同じ空の下にいるという一体感を感じる。
71,大納言経信,夕されば 門田の稲葉 おとづれて 芦のまろやに 秋風ぞ吹く,"夕方になると秋風が吹く。,夕方になると稲穂が揺れる音が聞こえてきて秋風が心地よく吹き抜ける。収穫の予感と自然のBGMに包まれた豊かな田園生活だ。","夕方になると秋風が吹く。,夕方になると稲穂が揺れる音が聞こえてきて秋風が心地よく吹き抜ける。収穫の予感と自然のBGMに包まれた豊かな田園生活だ。",夕方になると稲穂が揺れる音が聞こえてきて秋風が心地よく吹き抜ける。収穫の予感と自然のBGMに包まれた豊かな田園生活だ。
72,祐子内親王家紀伊,音に聞く 高師の浜の あだ波は かけじや袖の ぬれもこそすれ,"噂だけで近づかない。,あの高い波は有名だけど私は近づかないわ。自分の心を守り危険を回避する賢い選択ができる私って素敵。","噂だけで近づかない。,あの高い波は有名だけど私は近づかないわ。自分の心を守り危険を回避する賢い選択ができる私って素敵。",あの高い波は有名だけど私は近づかないわ。自分の心を守り危険を回避する賢い選択ができる私って素敵。
73,前中納言匡房,高砂の 尾上の桜 咲きにけり 外山の霞 立たずもあらなむ,"桜を霞で隠さないでほしい。,山頂の桜が満開だ！霞よどいてくれ。この素晴らしい景色をフルハイビジョンで隅々まで堪能したいんだ！","桜を霞で隠さないでほしい。,山頂の桜が満開だ！霞よどいてくれ。この素晴らしい景色をフルハイビジョンで隅々まで堪能したいんだ！",山頂の桜が満開だ！霞よどいてくれ。この素晴らしい景色をフルハイビジョンで隅々まで堪能したいんだ！
74,源俊頼朝臣,うかりける 人を初瀬の 山おろし 激しかれとは 祈らぬものを,"冷たい仕打ちが恨めしい。,山おろしのように激しい君の態度！私が祈ったのは愛だけどこんなに強烈な反応が返ってくるなんてパワフルで刺激的だね。","冷たい仕打ちが恨めしい。,山おろしのように激しい君の態度！私が祈ったのは愛だけどこんなに強烈な反応が返ってくるなんてパワフルで刺激的だね。",山おろしのように激しい君の態度！私が祈ったのは愛だけどこんなに強烈な反応が返ってくるなんてパワフルで刺激的だね。
75,藤原基俊,契りおきし させもが露を 命にて あはれ今年の 秋もいぬめり,"約束を信じて待ったのに。,約束という名の希望をエネルギーにして生きてきた。今年も秋が過ぎていくけれど希望を持ち続けて生きる私の生命力はすごい。","約束を信じて待ったのに。,約束という名の希望をエネルギーにして生きてきた。今年も秋が過ぎていくけれど希望を持ち続けて生きる私の生命力はすごい。",約束という名の希望をエネルギーにして生きてきた。今年も秋が過ぎていくけれど希望を持ち続けて生きる私の生命力はすごい。
76,法性寺入道前関白太政大臣,わたの原 漕ぎ出でて見れば 久方の 雲居にまがふ 沖つ白波,"白波が雲と見まがう。,海に漕ぎ出してみたら沖の白波が雲と繋がっているようだ！空と海が一体化した広大で爽快なパノラマビューの中に私はいる。","白波が雲と見まがう。,海に漕ぎ出してみたら沖の白波が雲と繋がっているようだ！空と海が一体化した広大で爽快なパノラマビューの中に私はいる。",海に漕ぎ出してみたら沖の白波が雲と繋がっているようだ！空と海が一体化した広大で爽快なパノラマビューの中に私はいる。
77,崇徳院,瀬を早み 岩にせかるる 滝川の われても末に 逢はむとぞ思ふ,"障害があっても、いつか会いたい。,岩にぶつかって水が分かれても必ずまた合流する。私たちも今は離れても未来では絶対に再会できる！ハッピーエンド確定の予言だ。","障害があっても、いつか会いたい。,岩にぶつかって水が分かれても必ずまた合流する。私たちも今は離れても未来では絶対に再会できる！ハッピーエンド確定の予言だ。",岩にぶつかって水が分かれても必ずまた合流する。私たちも今は離れても未来では絶対に再会できる！ハッピーエンド確定の予言だ。
78,源兼昌,淡路島 かよふ千鳥の 鳴く声に いく夜寝覚めぬ 須磨の関守,"千鳥の声で眠れない。,千鳥の鳴き声が聞こえるたびに目が覚める。自然の音に敏感になれる都会では味わえない贅沢なキャンプ・ナイトだ。","千鳥の声で眠れない。,千鳥の鳴き声が聞こえるたびに目が覚める。自然の音に敏感になれる都会では味わえない贅沢なキャンプ・ナイトだ。",千鳥の鳴き声が聞こえるたびに目が覚める。自然の音に敏感になれる都会では味わえない贅沢なキャンプ・ナイトだ。
79,左京大夫顕輔,秋風に たなびく雲の 絶え間より もれ出づる月の 影のさやけさ,"雲間から月が冴える。,雲の切れ間から強烈な月の光が射し込んできた！闇を切り裂くようなサーチライト、このクリアで美しい光景を見逃さなくてよかった。","雲間から月が冴える。,雲の切れ間から強烈な月の光が射し込んできた！闇を切り裂くようなサーチライト、このクリアで美しい光景を見逃さなくてよかった。",雲の切れ間から強烈な月の光が射し込んできた！闇を切り裂くようなサーチライト、このクリアで美しい光景を見逃さなくてよかった。
80,待賢門院堀川,長からむ 心も知らず 黒髪の 乱れて今朝は 物をこそ思へ,"将来も分からぬ恋。,長い黒髪が乱れるほど昨夜の余韻に浸っている。先のことは分からないけど今朝の私は愛の記憶で胸がいっぱいだ。","将来も分からぬ恋。,長い黒髪が乱れるほど昨夜の余韻に浸っている。先のことは分からないけど今朝の私は愛の記憶で胸がいっぱいだ。",長い黒髪が乱れるほど昨夜の余韻に浸っている。先のことは分からないけど今朝の私は愛の記憶で胸がいっぱいだ。
81,後徳大寺左大臣,ほととぎす 鳴きつる方を ながむれば ただ有明の 月ぞ残れる,"去った後の静けさ。,ホトトギスの声がした方を見たら美しい月が残っていた。音と光の共演、早起きした人だけが得られる清々しい朝のサプライズだ。","去った後の静けさ。,ホトトギスの声がした方を見たら美しい月が残っていた。音と光の共演、早起きした人だけが得られる清々しい朝のサプライズだ。",ホトトギスの声がした方を見たら美しい月が残っていた。音と光の共演、早起きした人だけが得られる清々しい朝のサプライズだ。
82,道因法師,思ひわび さても命は あるものを 憂きにたへぬは 涙なりけり,"生きているが、涙に耐えられない。,悩み苦しんでも私はしぶとく生きている！溢れ出る涙は私が全力で感情を味わい生命力豊かに生きている証拠だ。","生きているが、涙に耐えられない。,悩み苦しんでも私はしぶとく生きている！溢れ出る涙は私が全力で感情を味わい生命力豊かに生きている証拠だ。",悩み苦しんでも私はしぶとく生きている！溢れ出る涙は私が全力で感情を味わい生命力豊かに生きている証拠だ。
83,皇太后宮大夫俊成,世の中よ 道こそなけれ 思ひ入る 山の奥にも 鹿ぞ鳴くなる,"どこにも逃げ場はない。,世の中に逃げ場はない、つまりどこへ行っても世界は繋がっている！山奥で鹿の声を聞きどんな場所でも生きていける覚悟が決まった。","どこにも逃げ場はない。,世の中に逃げ場はない、つまりどこへ行っても世界は繋がっている！山奥で鹿の声を聞きどんな場所でも生きていける覚悟が決まった。",世の中に逃げ場はない、つまりどこへ行っても世界は繋がっている！山奥で鹿の声を聞きどんな場所でも生きていける覚悟が決まった。
84,藤原清輔朝臣,長らへば またこのごろや しのばれむ 憂しと見し世ぞ 今は恋しき,"つらかった世も懐かしい。,長生きすれば今の苦労も「あの頃はよかった」と笑い話になるはず。過去の苦難が良い思い出になったように未来は明るい！","つらかった世も懐かしい。,長生きすれば今の苦労も「あの頃はよかった」と笑い話になるはず。過去の苦難が良い思い出になったように未来は明るい！",長生きすれば今の苦労も「あの頃はよかった」と笑い話になるはず。過去の苦難が良い思い出になったように未来は明るい！
85,俊恵法師,夜もすがら もの思ふころは 明けやらで ねやのひまさへ つれなかりけり,"夜通し眠れない。,一晩中考え事をして夜明けが遠く感じる。自分の部屋の隙間さえ愛おしく思えるほどとことん自分の内面と向き合う濃密な夜だ。","夜通し眠れない。,一晩中考え事をして夜明けが遠く感じる。自分の部屋の隙間さえ愛おしく思えるほどとことん自分の内面と向き合う濃密な夜だ。",一晩中考え事をして夜明けが遠く感じる。自分の部屋の隙間さえ愛おしく思えるほどとことん自分の内面と向き合う濃密な夜だ。
86,西行法師,嘆けとて 月やはものを 思はする かこち顔なる わが涙かな,"月のせいで涙が出る。,月が綺麗すぎて涙が出てくる！「月のせい」にしたくなるほど感受性が豊かになってロマンチックな気分に浸っているんだ。","月のせいで涙が出る。,月が綺麗すぎて涙が出てくる！「月のせい」にしたくなるほど感受性が豊かになってロマンチックな気分に浸っているんだ。",月が綺麗すぎて涙が出てくる！「月のせい」にしたくなるほど感受性が豊かになってロマンチックな気分に浸っているんだ。
87,寂蓮法師,村雨の 露もまだひぬ 槇の葉に 霧立ちのぼる 秋の夕暮,"霧立つ夕暮れ。,通り雨のあと木々の緑が輝き霧が幻想的に立ち上る。雨上がりの森が見せるマイナスイオンたっぷりの浄化された世界だ。","霧立つ夕暮れ。,通り雨のあと木々の緑が輝き霧が幻想的に立ち上る。雨上がりの森が見せるマイナスイオンたっぷりの浄化された世界だ。",通り雨のあと木々の緑が輝き霧が幻想的に立ち上る。雨上がりの森が見せるマイナスイオンたっぷりの浄化された世界だ。
88,皇嘉門院別当,難波江の 芦のかりねの ひとよゆゑ みを尽くしてや 恋ひわたるべき,"一夜の恋に身を尽くすか。,たった一夜の思い出だけで一生恋していられる！それほど強烈で素晴らしい体験をした私はなんて幸運なんだろう。","一夜の恋に身を尽くすか。,たった一夜の思い出だけで一生恋していられる！それほど強烈で素晴らしい体験をした私はなんて幸運なんだろう。",たった一夜の思い出だけで一生恋していられる！それほど強烈で素晴らしい体験をした私はなんて幸運なんだろう。
89,式子内親王,玉の緒よ 絶えなば絶えね ながらへば 忍ぶることの 弱りもぞする,"生きていれば耐えられない。,私の魂よ今が絶頂だ！この秘めた恋心が爆発しそうなほどの高揚感。命が燃え尽きるくらい私は今情熱的に生きている！","生きていれば耐えられない。,私の魂よ今が絶頂だ！この秘めた恋心が爆発しそうなほどの高揚感。命が燃え尽きるくらい私は今情熱的に生きている！",私の魂よ今が絶頂だ！この秘めた恋心が爆発しそうなほどの高揚感。命が燃え尽きるくらい私は今情熱的に生きている！
90,殷富門院大輔,見せばやな 雄島のあまの 袖だにも 濡れにぞ濡れし 色は変はらず,"涙に濡れても心は変わらない。,見て私の袖！漁師のように波をかぶっても色は変わらない。どんな逆境にも負けない私のタフで一途な心を見習ってほしいわ。","涙に濡れても心は変わらない。,見て私の袖！漁師のように波をかぶっても色は変わらない。どんな逆境にも負けない私のタフで一途な心を見習ってほしいわ。",見て私の袖！漁師のように波をかぶっても色は変わらない。どんな逆境にも負けない私のタフで一途な心を見習ってほしいわ。
91,後京極摂政前太政大臣,きりぎりす 鳴くや霜夜の さむしろに 衣かたしき ひとりかも寝む,"寒い夜に一人で寝る。,コオロギの声が響くクリアな冬の夜。自分の着物を重ねて温まりながら静寂を独り占めする贅沢なソロ・キャンプ気分だ。","寒い夜に一人で寝る。,コオロギの声が響くクリアな冬の夜。自分の着物を重ねて温まりながら静寂を独り占めする贅沢なソロ・キャンプ気分だ。",コオロギの声が響くクリアな冬の夜。自分の着物を重ねて温まりながら静寂を独り占めする贅沢なソロ・キャンプ気分だ。
92,二条院讃岐,わが袖は 潮干に見えぬ 沖の石の 人こそ知らね 乾く間もなし,"涙は人知れず流れる。,海の中にある石のように私の袖は常に潤っている。誰にも見えない場所で豊かな感情の海に浸り続けているんだ。","涙は人知れず流れる。,海の中にある石のように私の袖は常に潤っている。誰にも見えない場所で豊かな感情の海に浸り続けているんだ。",海の中にある石のように私の袖は常に潤っている。誰にも見えない場所で豊かな感情の海に浸り続けているんだ。
93,鎌倉右大臣,世の中は 常にもがもな 渚こぐ あまの小舟の 綱手かなしも,"変わらぬ世を願う。,この平和な景色がずっと続いてほしい！漁師が小舟を引くのどかな風景を見ていると日常の尊さと世界の美しさを心から感じるよ。","変わらぬ世を願う。,この平和な景色がずっと続いてほしい！漁師が小舟を引くのどかな風景を見ていると日常の尊さと世界の美しさを心から感じるよ。",この平和な景色がずっと続いてほしい！漁師が小舟を引くのどかな風景を見ていると日常の尊さと世界の美しさを心から感じるよ。
94,参議雅経,み吉野の 山の秋風 さ夜ふけて ふるさと寒く 衣打つなり,"秋風が衣を打つ音。,夜が更けて風の音と衣を打つリズムが聞こえてくる。古都・吉ноの秋の夜長を彩る風流なライブパフォーマンスだ。","秋風が衣を打つ音。,夜が更けて風の音と衣を打つリズムが聞こえてくる。古都・吉ноの秋の夜長を彩る風流なライブパフォーマンスだ。",夜が更けて風の音と衣を打つリズムが聞こえてくる。古都・吉野の秋の夜長を彩る風流なライブパフォーマンスだ。
95,前大僧正慈円,おほけなく うき世の民に おほふかな わが立つ杣に 墨染の袖,"僧として世を憂う。,身の程知らずかもしれないが私のこの袖で世界中の人々を包み込んで守ってあげたい！溢れんばかりの慈愛と使命感に燃えている。","僧として世を憂う。,身の程知らずかもしれないが私のこの袖で世界中の人々を包み込んで守ってあげたい！溢れんばかりの慈愛と使命感に燃えている。",身の程知らずかもしれないが私のこの袖で世界中の人々を包み込んで守ってあげたい！溢れんばかりの慈愛と使命感に燃えている。
96,入道前太政大臣,花さそふ 嵐の庭の 雪ならで ふりゆくものは わが身なりけり,"散るのは花でなく自分。,花吹雪の中で私も一緒に年を重ねていく。桜と共に変化していく自分の人生、なんて優雅で美しい老い方だろう。","散るのは花でなく自分。,花吹雪の中で私も一緒に年を重ねていく。桜と共に変化していく自分の人生、なんて優雅で美しい老い方だろう。",花吹雪の中で私も一緒に年を重ねていく。桜と共に変化していく自分の人生、なんて優雅で美しい老い方だろう。
97,権中納言定家,来ぬ人を 松帆の浦の 夕なぎに 焼くや藻塩の 身もこがれつつ,"来ない人を待ち焦がれる。,製塩の炎のように私の心は恋で燃え上がっている！待ち人が来ない時間さえも情熱を燃やす燃料にしてしまうほど私は熱い。","来ない人を待ち焦がれる。,製塩の炎のように私の心は恋で燃え上がっている！待ち人が来ない時間さえも情熱を燃やす燃料にしてしまうほど私は熱い。",製塩の炎のように私の心は恋で燃え上がっている！待ち人が来ない時間さえも情熱を燃やす燃料にしてしまうほど私は熱い。
98,従二位家隆,風そよぐ 楢の小川の 夕暮は みそぎぞ夏の しるしなりける,"小川の夕暮れが夏を告げる,風が吹く奈良の小川の夕暮れにみそぎの光景があり、私は季節の節目に心身を清めて整えることを受け入れている。","小川の夕暮れが夏を告げる,風が吹く奈良の小川の夕暮れにみそぎの光景があり、私は季節の節目に心身を清めて整えることを受け入れている。",風が吹く奈良の小川の夕暮れにみそぎの光景があり、私は季節の節目に心身を清めて整えることを受け入れている。
99,後鳥羽院,人もをし 人も恨めし あぢきなく 世を思ふゆゑに もの思ふ身は,"人を愛し、人を恨む。,人が愛おしかったり憎かったり人間って本当に面白い！複雑な世の中だからこそ悩み考える楽しさがある。感情豊かに生きるのは素晴らしい。","人を愛し、人を恨む。,人が愛おしかったり憎かったり人間って本当に面白い！複雑な世の中だからこそ悩み考える楽しさがある。感情豊かに生きるのは素晴らしい。",人が愛おしかったり憎かったり人間って本当に面白い！複雑な世の中だからこそ悩み考える楽しさがある。感情豊かに生きるのは素晴らしい。
100,順徳院,ももしきや 古き軒端の しのぶにも なほあまりある 昔なりけり,"昔を忍ぶ思いが尽きない。,古い宮殿の軒端の植物を見ていると輝かしい歴史が鮮明に蘇ってくる。素晴らしい過去があったからこそ今がある、歴史の重みと美しさに乾杯！","昔を忍ぶ思いが尽きない。,古い宮殿の軒端の植物を見ていると輝かしい歴史が鮮明に蘇ってくる。素晴らしい過去があったからこそ今がある、歴史の重みと美しさに乾杯！",古い宮殿の軒端の植物を見ていると輝かしい歴史が鮮明に蘇ってくる。素晴らしい過去があったからこそ今がある、歴史の重みと美しさに乾杯！